run,tag,algo,env,seed,dwell,n_eval,last_iter,complete_1500,mean_last_iters,std_last_iters,best_eval,runtime_hours,mean_iter_seconds,mean_train_seconds,has_eval_std
paper_ablate_v2_bad_bapr_Ant_dw60_s0,paper_ablate_v2,bad_bapr,Ant-v2,0,60,300,1499,True,4510.985,4084.244,16526.082,11.922,28.613,2.410,True
paper_ablate_v2_bad_bapr_Ant_dw60_s1,paper_ablate_v2,bad_bapr,Ant-v2,1,60,300,1499,True,1676.397,1007.643,13098.024,7.768,18.642,1.695,True
paper_ablate_v2_bad_bapr_Ant_dw60_s2,paper_ablate_v2,bad_bapr,Ant-v2,2,60,300,1499,True,8904.777,6776.669,21098.591,7.762,18.629,1.652,True
paper_ablate_v2_bad_bapr_HalfCheetah_dw60_s0,paper_ablate_v2,bad_bapr,HalfCheetah-v2,0,60,300,1499,True,22041.200,4458.045,26269.432,23.412,56.190,2.281,True
paper_ablate_v2_bad_bapr_HalfCheetah_dw60_s1,paper_ablate_v2,bad_bapr,HalfCheetah-v2,1,60,300,1499,True,23774.589,638.601,25219.727,22.181,53.236,2.260,True
paper_ablate_v2_bad_bapr_HalfCheetah_dw60_s2,paper_ablate_v2,bad_bapr,HalfCheetah-v2,2,60,300,1499,True,24922.705,462.165,25920.215,23.386,56.126,2.432,True
paper_ablate_v2_bapr_fixed_decay_Ant_dw60_s0,paper_ablate_v2,bapr_fixed_decay,Ant-v2,0,60,300,1499,True,1489.127,644.590,5130.533,5.224,12.538,0.656,True
paper_ablate_v2_bapr_fixed_decay_Ant_dw60_s1,paper_ablate_v2,bapr_fixed_decay,Ant-v2,1,60,300,1499,True,4229.486,4134.120,16965.062,7.752,18.605,1.292,True
paper_ablate_v2_bapr_fixed_decay_Ant_dw60_s2,paper_ablate_v2,bapr_fixed_decay,Ant-v2,2,60,300,1499,True,2848.188,2642.527,17956.320,7.646,18.351,1.297,True
paper_ablate_v2_bapr_fixed_decay_HalfCheetah_dw60_s0,paper_ablate_v2,bapr_fixed_decay,HalfCheetah-v2,0,60,300,1499,True,19479.412,481.396,20734.263,10.320,24.767,0.575,True
paper_ablate_v2_bapr_fixed_decay_HalfCheetah_dw60_s1,paper_ablate_v2,bapr_fixed_decay,HalfCheetah-v2,1,60,300,1499,True,18081.198,458.460,18920.791,22.088,53.010,2.307,True
paper_ablate_v2_bapr_fixed_decay_HalfCheetah_dw60_s2,paper_ablate_v2,bapr_fixed_decay,HalfCheetah-v2,2,60,300,1499,True,15554.687,691.464,17829.289,22.059,52.941,2.332,True
paper_ablate_v2_bapr_no_adapt_beta_Ant_dw60_s0,paper_ablate_v2,bapr_no_adapt_beta,Ant-v2,0,60,300,1499,True,4754.064,4166.603,20337.754,11.503,27.608,1.446,True
paper_ablate_v2_bapr_no_adapt_beta_Ant_dw60_s1,paper_ablate_v2,bapr_no_adapt_beta,Ant-v2,1,60,300,1499,True,3047.244,1335.177,14782.255,11.384,27.322,1.432,True
paper_ablate_v2_bapr_no_adapt_beta_Ant_dw60_s2,paper_ablate_v2,bapr_no_adapt_beta,Ant-v2,2,60,300,1499,True,3323.586,3075.106,17363.930,11.846,28.431,1.479,True
paper_ablate_v2_bapr_no_adapt_beta_HalfCheetah_dw60_s0,paper_ablate_v2,bapr_no_adapt_beta,HalfCheetah-v2,0,60,300,1499,True,11213.682,608.466,12210.196,15.380,36.911,1.269,True
paper_ablate_v2_bapr_no_adapt_beta_HalfCheetah_dw60_s1,paper_ablate_v2,bapr_no_adapt_beta,HalfCheetah-v2,1,60,300,1499,True,20109.278,660.788,21943.700,8.486,20.367,0.359,True
paper_ablate_v2_bapr_no_adapt_beta_HalfCheetah_dw60_s2,paper_ablate_v2,bapr_no_adapt_beta,HalfCheetah-v2,2,60,300,1499,True,23661.970,638.342,24820.541,20.859,50.063,1.423,True
paper_ablate_v2_bapr_no_bocd_Ant_dw60_s0,paper_ablate_v2,bapr_no_bocd,Ant-v2,0,60,300,1499,True,6918.336,5745.971,19119.396,11.923,28.616,2.399,True
paper_ablate_v2_bapr_no_bocd_Ant_dw60_s1,paper_ablate_v2,bapr_no_bocd,Ant-v2,1,60,300,1499,True,10802.766,7414.601,21994.641,11.689,28.052,2.409,True
paper_ablate_v2_bapr_no_bocd_Ant_dw60_s2,paper_ablate_v2,bapr_no_bocd,Ant-v2,2,60,300,1499,True,3981.366,2537.583,17783.439,11.685,28.044,2.410,True
paper_ablate_v2_bapr_no_bocd_HalfCheetah_dw60_s0,paper_ablate_v2,bapr_no_bocd,HalfCheetah-v2,0,60,300,1499,True,12448.819,1264.885,15492.245,21.652,51.965,1.421,True
paper_ablate_v2_bapr_no_bocd_HalfCheetah_dw60_s1,paper_ablate_v2,bapr_no_bocd,HalfCheetah-v2,1,60,300,1499,True,26222.235,1316.160,27875.488,21.712,52.108,1.433,True
paper_ablate_v2_bapr_no_bocd_HalfCheetah_dw60_s2,paper_ablate_v2,bapr_no_bocd,HalfCheetah-v2,2,60,300,1499,True,12946.446,456.385,14404.101,20.829,49.989,1.371,True
paper_ablate_v2_bapr_no_rmdm_Ant_dw60_s0,paper_ablate_v2,bapr_no_rmdm,Ant-v2,0,60,300,1499,True,3081.197,2848.429,18473.323,15.514,37.235,2.096,True
paper_ablate_v2_bapr_no_rmdm_Ant_dw60_s1,paper_ablate_v2,bapr_no_rmdm,Ant-v2,1,60,300,1499,True,1967.396,1285.500,16948.273,5.754,13.811,0.500,True
paper_ablate_v2_bapr_no_rmdm_Ant_dw60_s2,paper_ablate_v2,bapr_no_rmdm,Ant-v2,2,60,300,1499,True,2780.076,1729.299,15081.771,15.520,37.247,2.094,True
paper_ablate_v2_bapr_no_rmdm_HalfCheetah_dw60_s0,paper_ablate_v2,bapr_no_rmdm,HalfCheetah-v2,0,60,300,1499,True,21072.837,741.402,24368.824,19.681,47.235,1.210,True
paper_ablate_v2_bapr_no_rmdm_HalfCheetah_dw60_s1,paper_ablate_v2,bapr_no_rmdm,HalfCheetah-v2,1,60,300,1499,True,11692.268,1246.664,13100.486,20.513,49.231,1.238,True
paper_ablate_v2_bapr_no_rmdm_HalfCheetah_dw60_s2,paper_ablate_v2,bapr_no_rmdm,HalfCheetah-v2,2,60,300,1499,True,20970.243,3608.413,22522.209,20.441,49.058,1.250,True
paper_ablate_v2_bapr_unsupervised_Ant_dw60_s0,paper_ablate_v2,bapr_unsupervised,Ant-v2,0,60,300,1499,True,1398.202,752.841,14220.141,8.701,20.883,1.641,True
paper_ablate_v2_bapr_unsupervised_Ant_dw60_s1,paper_ablate_v2,bapr_unsupervised,Ant-v2,1,60,300,1499,True,1359.407,680.252,12417.900,11.054,26.529,2.277,True
paper_ablate_v2_bapr_unsupervised_Ant_dw60_s2,paper_ablate_v2,bapr_unsupervised,Ant-v2,2,60,300,1499,True,2938.332,2735.412,16316.320,4.761,11.426,0.689,True
paper_ablate_v2_bapr_unsupervised_HalfCheetah_dw60_s0,paper_ablate_v2,bapr_unsupervised,HalfCheetah-v2,0,60,300,1499,True,19108.840,1471.020,23922.361,21.755,52.212,1.362,True
paper_ablate_v2_bapr_unsupervised_HalfCheetah_dw60_s1,paper_ablate_v2,bapr_unsupervised,HalfCheetah-v2,1,60,300,1499,True,20445.484,1050.881,23133.919,21.793,52.304,1.576,True
paper_ablate_v2_bapr_unsupervised_HalfCheetah_dw60_s2,paper_ablate_v2,bapr_unsupervised,HalfCheetah-v2,2,60,300,1499,True,11321.513,2857.162,14857.761,21.895,52.547,1.529,True
paper_bad_bapr_HalfCheetah_dw60_s1,paper,bad_bapr,HalfCheetah-v2,1,60,300,1499,True,16362.641,450.018,17283.582,23.348,56.035,2.434,True
paper_bad_bapr_HalfCheetah_dw60_s2,paper,bad_bapr,HalfCheetah-v2,2,60,300,1499,True,10884.448,2325.561,13835.600,,,,False
paper_bapr_fixed_decay_HalfCheetah_dw60_s1,paper,bapr_fixed_decay,HalfCheetah-v2,1,60,300,1499,True,8508.545,626.818,10049.887,23.331,55.995,2.440,True
paper_bapr_fixed_decay_HalfCheetah_dw60_s2,paper,bapr_fixed_decay,HalfCheetah-v2,2,60,300,1499,True,19621.483,609.210,20719.832,23.334,56.001,2.539,True
paper_bapr_Hopper_dw60_s1,paper,bapr,Hopper-v2,1,60,300,1499,True,382.437,4.524,430.434,6.695,16.069,2.119,True
paper_bapr_Hopper_dw60_s2,paper,bapr,Hopper-v2,2,60,300,1499,True,451.735,6.211,469.946,2.305,5.533,0.318,True
paper_bapr_no_adapt_beta_HalfCheetah_dw60_s1,paper,bapr_no_adapt_beta,HalfCheetah-v2,1,60,300,1499,True,20603.430,4239.366,23443.195,15.793,37.904,1.257,True
paper_bapr_no_adapt_beta_HalfCheetah_dw60_s2,paper,bapr_no_adapt_beta,HalfCheetah-v2,2,60,300,1499,True,18173.600,954.747,19443.549,15.794,37.905,1.267,True
paper_bapr_no_bocd_HalfCheetah_dw60_s1,paper,bapr_no_bocd,HalfCheetah-v2,1,60,300,1499,True,18905.643,1257.621,21361.317,7.571,18.170,0.224,True
paper_bapr_no_bocd_HalfCheetah_dw60_s2,paper,bapr_no_bocd,HalfCheetah-v2,2,60,300,1499,True,8779.464,402.797,10901.047,24.277,58.264,2.492,True
paper_bapr_no_rmdm_HalfCheetah_dw60_s1,paper,bapr_no_rmdm,HalfCheetah-v2,1,60,300,1499,True,11026.111,595.792,12553.994,7.525,18.060,0.167,True
paper_bapr_no_rmdm_HalfCheetah_dw60_s2,paper,bapr_no_rmdm,HalfCheetah-v2,2,60,300,1499,True,9398.910,485.861,11437.473,7.504,18.011,0.165,True
paper_bapr_Walker2d_dw60_s1,paper,bapr,Walker2d-v2,1,60,300,1499,True,376.145,14.086,431.800,0.036,129.889,0.000,True
paper_bapr_Walker2d_dw60_s2,paper,bapr,Walker2d-v2,2,60,300,1499,True,326.229,4.709,341.317,4.855,11.652,1.249,True
paper_escp_Hopper_dw60_s1,paper,escp,Hopper-v2,1,60,300,1499,True,667.582,71.876,861.308,4.731,11.354,1.303,True
paper_escp_Hopper_dw60_s2,paper,escp,Hopper-v2,2,60,300,1499,True,715.135,26.277,765.313,4.735,11.365,1.310,True
paper_escp_Walker2d_dw60_s1,paper,escp,Walker2d-v2,1,60,300,1499,True,573.443,102.178,789.397,4.827,11.584,1.197,True
paper_escp_Walker2d_dw60_s2,paper,escp,Walker2d-v2,2,60,300,1499,True,347.076,36.934,696.526,2.353,5.646,0.209,True
paper_full_v2_bapr_Ant_dw60_s0,paper_full_v2,bapr,Ant-v2,0,60,300,1499,True,18319.318,3071.565,21674.386,11.758,28.219,2.597,True
paper_full_v2_bapr_Ant_dw60_s1,paper_full_v2,bapr,Ant-v2,1,60,300,1499,True,23382.337,835.926,25992.459,12.291,29.499,2.621,True
paper_full_v2_bapr_Ant_dw60_s2,paper_full_v2,bapr,Ant-v2,2,60,300,1499,True,21729.088,649.066,22874.952,12.490,29.976,2.797,True
paper_full_v2_bapr_Ant_dw60_s3,paper_full_v2,bapr,Ant-v2,3,60,300,1499,True,18976.784,8325.746,25912.699,12.532,30.076,2.858,True
paper_full_v2_bapr_Ant_dw60_s4,paper_full_v2,bapr,Ant-v2,4,60,300,1499,True,20922.783,5863.684,25832.600,13.275,31.861,3.060,True
paper_full_v2_bapr_HalfCheetah_dw60_s0,paper_full_v2,bapr,HalfCheetah-v2,0,60,300,1499,True,7831.850,199.758,9439.235,7.698,18.474,0.386,True
paper_full_v2_bapr_HalfCheetah_dw60_s1,paper_full_v2,bapr,HalfCheetah-v2,1,60,300,1499,True,10210.675,224.184,10828.250,19.460,46.703,2.038,True
paper_full_v2_bapr_HalfCheetah_dw60_s2,paper_full_v2,bapr,HalfCheetah-v2,2,60,300,1499,True,12465.600,418.299,14098.432,22.928,55.027,2.570,True
paper_full_v2_bapr_HalfCheetah_dw60_s3,paper_full_v2,bapr,HalfCheetah-v2,3,60,300,1499,True,6046.758,172.434,6451.085,18.269,43.845,1.909,True
paper_full_v2_bapr_HalfCheetah_dw60_s4,paper_full_v2,bapr,HalfCheetah-v2,4,60,300,1499,True,9887.167,334.474,10845.894,16.282,39.078,1.566,True
paper_full_v2_escp_Ant_dw60_s0,paper_full_v2,escp,Ant-v2,0,60,300,1499,True,3714.803,3826.678,17891.129,11.778,28.267,2.385,True
paper_full_v2_escp_Ant_dw60_s1,paper_full_v2,escp,Ant-v2,1,60,300,1499,True,1448.748,646.815,13154.481,11.941,28.659,2.374,True
paper_full_v2_escp_Ant_dw60_s2,paper_full_v2,escp,Ant-v2,2,60,300,1499,True,1578.520,667.022,10771.714,11.912,28.588,2.382,True
paper_full_v2_escp_Ant_dw60_s3,paper_full_v2,escp,Ant-v2,3,60,300,1499,True,5249.091,5098.488,22145.518,12.040,28.896,2.405,True
paper_full_v2_escp_Ant_dw60_s4,paper_full_v2,escp,Ant-v2,4,60,300,1499,True,2504.137,1000.344,17466.972,11.900,28.560,2.355,True
paper_full_v2_escp_HalfCheetah_dw60_s0,paper_full_v2,escp,HalfCheetah-v2,0,60,300,1499,True,17537.263,629.158,18854.531,23.256,55.814,2.437,True
paper_full_v2_escp_HalfCheetah_dw60_s1,paper_full_v2,escp,HalfCheetah-v2,1,60,300,1499,True,9846.773,3745.740,15571.825,23.387,56.128,1.983,True
paper_full_v2_escp_HalfCheetah_dw60_s2,paper_full_v2,escp,HalfCheetah-v2,2,60,300,1499,True,14444.708,3132.010,16595.260,23.384,56.121,2.042,True
paper_full_v2_escp_HalfCheetah_dw60_s3,paper_full_v2,escp,HalfCheetah-v2,3,60,300,1499,True,11917.888,2558.250,14338.334,19.660,47.183,1.848,True
paper_full_v2_escp_HalfCheetah_dw60_s4,paper_full_v2,escp,HalfCheetah-v2,4,60,300,1499,True,13813.790,2098.654,15453.399,19.655,47.172,1.845,True
paper_full_v2_resac_Ant_dw60_s0,paper_full_v2,resac,Ant-v2,0,60,300,1499,True,2488.252,1461.190,15283.191,10.820,25.969,1.232,True
paper_full_v2_resac_Ant_dw60_s1,paper_full_v2,resac,Ant-v2,1,60,300,1499,True,6726.806,6241.760,19620.002,10.990,26.375,1.251,True
paper_full_v2_resac_Ant_dw60_s2,paper_full_v2,resac,Ant-v2,2,60,300,1499,True,2604.688,2254.001,15583.620,11.178,26.828,1.303,True
paper_full_v2_resac_Ant_dw60_s3,paper_full_v2,resac,Ant-v2,3,60,300,1499,True,6831.113,6664.668,21170.043,11.034,26.482,1.271,True
paper_full_v2_resac_Ant_dw60_s4,paper_full_v2,resac,Ant-v2,4,60,300,1499,True,1251.922,535.337,14102.495,9.983,23.960,1.113,True
paper_full_v2_resac_HalfCheetah_dw60_s0,paper_full_v2,resac,HalfCheetah-v2,0,60,300,1499,True,18387.772,490.909,19651.756,22.361,53.668,1.241,True
paper_full_v2_resac_HalfCheetah_dw60_s1,paper_full_v2,resac,HalfCheetah-v2,1,60,300,1499,True,14064.521,444.780,14900.946,22.654,54.370,1.258,True
paper_full_v2_resac_HalfCheetah_dw60_s2,paper_full_v2,resac,HalfCheetah-v2,2,60,300,1499,True,8531.809,269.971,9467.740,24.631,59.115,1.433,True
paper_full_v2_resac_HalfCheetah_dw60_s3,paper_full_v2,resac,HalfCheetah-v2,3,60,300,1499,True,16319.713,830.461,17653.888,20.325,48.779,1.104,True
paper_full_v2_resac_HalfCheetah_dw60_s4,paper_full_v2,resac,HalfCheetah-v2,4,60,300,1499,True,20217.047,1222.385,21805.443,21.838,52.410,1.205,True
paper_full_v2_sac_Ant_dw60_s0,paper_full_v2,sac,Ant-v2,0,60,300,1499,True,11570.642,335.566,12300.815,7.679,18.430,0.774,True
paper_full_v2_sac_Ant_dw60_s1,paper_full_v2,sac,Ant-v2,1,60,300,1499,True,16521.106,6423.325,21643.357,7.282,17.476,0.726,True
paper_full_v2_sac_Ant_dw60_s2,paper_full_v2,sac,Ant-v2,2,60,300,1499,True,17578.766,890.924,19233.307,7.162,17.189,0.670,True
paper_full_v2_sac_Ant_dw60_s3,paper_full_v2,sac,Ant-v2,3,60,300,1499,True,18770.357,465.109,19720.590,6.358,15.259,0.584,True
paper_full_v2_sac_Ant_dw60_s4,paper_full_v2,sac,Ant-v2,4,60,300,1499,True,16891.757,2764.577,19085.893,3.675,8.820,0.192,True
paper_full_v2_sac_HalfCheetah_dw60_s0,paper_full_v2,sac,HalfCheetah-v2,0,60,300,1499,True,8070.188,285.562,8544.142,22.386,53.726,1.262,True
paper_full_v2_sac_HalfCheetah_dw60_s1,paper_full_v2,sac,HalfCheetah-v2,1,60,300,1499,True,21352.867,504.120,22381.038,22.687,54.449,1.261,True
paper_full_v2_sac_HalfCheetah_dw60_s2,paper_full_v2,sac,HalfCheetah-v2,2,60,300,1499,True,13491.645,449.715,14472.847,24.470,58.727,1.399,True
paper_full_v2_sac_HalfCheetah_dw60_s3,paper_full_v2,sac,HalfCheetah-v2,3,60,300,1499,True,8618.458,161.704,8934.680,18.310,43.944,0.951,True
paper_full_v2_sac_HalfCheetah_dw60_s4,paper_full_v2,sac,HalfCheetah-v2,4,60,300,1499,True,7653.178,389.203,9611.926,23.295,55.907,1.317,True
paper_legacy_v2_bapr_Ant_dw60_s0,paper_legacy_v2,bapr,Ant-v2,0,60,300,1499,True,15748.920,6256.711,21531.838,11.054,26.529,2.508,True
paper_legacy_v2_bapr_Ant_dw60_s1,paper_legacy_v2,bapr,Ant-v2,1,60,300,1499,True,16431.595,5995.654,21641.357,11.255,27.011,2.564,True
paper_legacy_v2_bapr_Ant_dw60_s2,paper_legacy_v2,bapr,Ant-v2,2,60,300,1499,True,17077.104,4037.165,19665.881,11.768,28.242,2.649,True
paper_legacy_v2_bapr_HalfCheetah_dw60_s0,paper_legacy_v2,bapr,HalfCheetah-v2,0,60,300,1499,True,12571.336,611.614,13506.550,14.116,33.880,1.591,True
paper_legacy_v2_bapr_HalfCheetah_dw60_s1,paper_legacy_v2,bapr,HalfCheetah-v2,1,60,300,1499,True,8777.734,526.696,9835.928,14.125,33.900,1.584,True
paper_legacy_v2_bapr_HalfCheetah_dw60_s2,paper_legacy_v2,bapr,HalfCheetah-v2,2,60,300,1499,True,6705.663,2638.705,9006.808,14.918,35.804,1.560,True
paper_negative_v2_bapr_Hopper_dw60_s0,paper_negative_v2,bapr,Hopper-v2,0,60,300,1499,True,463.656,10.831,481.339,7.341,17.619,1.567,True
paper_negative_v2_bapr_Hopper_dw60_s1,paper_negative_v2,bapr,Hopper-v2,1,60,300,1499,True,402.121,19.036,429.487,7.949,19.079,1.677,True
paper_negative_v2_bapr_Hopper_dw60_s2,paper_negative_v2,bapr,Hopper-v2,2,60,300,1499,True,459.885,17.171,494.715,6.427,15.424,1.395,True
paper_negative_v2_bapr_Walker2d_dw60_s0,paper_negative_v2,bapr,Walker2d-v2,0,60,300,1499,True,325.153,5.425,414.391,7.306,17.535,1.576,True
paper_negative_v2_bapr_Walker2d_dw60_s1,paper_negative_v2,bapr,Walker2d-v2,1,60,300,1499,True,326.962,6.100,410.270,7.304,17.529,1.705,True
paper_negative_v2_bapr_Walker2d_dw60_s2,paper_negative_v2,bapr,Walker2d-v2,2,60,300,1499,True,312.052,3.156,370.333,6.738,16.170,1.561,True
paper_negative_v2_escp_Hopper_dw60_s0,paper_negative_v2,escp,Hopper-v2,0,60,300,1499,True,557.795,82.334,698.247,5.899,14.157,1.745,True
paper_negative_v2_escp_Hopper_dw60_s1,paper_negative_v2,escp,Hopper-v2,1,60,300,1499,True,734.517,132.800,890.439,7.129,17.109,2.222,True
paper_negative_v2_escp_Hopper_dw60_s2,paper_negative_v2,escp,Hopper-v2,2,60,300,1499,True,707.093,134.708,858.519,7.117,17.081,2.197,True
paper_negative_v2_escp_Walker2d_dw60_s0,paper_negative_v2,escp,Walker2d-v2,0,60,300,1499,True,393.579,36.754,660.471,7.301,17.522,1.529,True
paper_negative_v2_escp_Walker2d_dw60_s1,paper_negative_v2,escp,Walker2d-v2,1,60,300,1499,True,646.150,80.890,5029.006,7.281,17.474,1.657,True
paper_negative_v2_escp_Walker2d_dw60_s2,paper_negative_v2,escp,Walker2d-v2,2,60,300,1499,True,339.633,13.595,421.251,6.170,14.809,1.382,True
paper_negative_v2_resac_Hopper_dw60_s0,paper_negative_v2,resac,Hopper-v2,0,60,300,1499,True,702.366,47.271,796.846,6.880,16.511,0.717,True
paper_negative_v2_resac_Hopper_dw60_s1,paper_negative_v2,resac,Hopper-v2,1,60,300,1499,True,787.783,133.571,1153.911,7.388,17.732,0.745,True
paper_negative_v2_resac_Hopper_dw60_s2,paper_negative_v2,resac,Hopper-v2,2,60,300,1499,True,766.158,95.204,1007.911,6.850,16.441,0.731,True
paper_negative_v2_resac_Walker2d_dw60_s0,paper_negative_v2,resac,Walker2d-v2,0,60,300,1499,True,381.868,70.296,515.945,6.776,16.262,0.792,True
paper_negative_v2_resac_Walker2d_dw60_s1,paper_negative_v2,resac,Walker2d-v2,1,60,300,1499,True,862.963,390.289,5975.900,6.699,16.078,0.767,True
paper_negative_v2_resac_Walker2d_dw60_s2,paper_negative_v2,resac,Walker2d-v2,2,60,300,1499,True,512.837,29.301,5473.870,6.734,16.161,0.779,True
paper_negative_v2_sac_Hopper_dw60_s0,paper_negative_v2,sac,Hopper-v2,0,60,300,1499,True,423.490,13.711,488.597,6.441,15.457,1.158,True
paper_negative_v2_sac_Hopper_dw60_s1,paper_negative_v2,sac,Hopper-v2,1,60,300,1499,True,437.979,19.281,470.701,6.473,15.535,1.161,True
paper_negative_v2_sac_Hopper_dw60_s2,paper_negative_v2,sac,Hopper-v2,2,60,300,1499,True,434.677,39.162,481.880,5.819,13.967,1.011,True
paper_negative_v2_sac_Walker2d_dw60_s0,paper_negative_v2,sac,Walker2d-v2,0,60,300,1499,True,297.221,6.508,384.992,9.261,22.227,1.723,True
paper_negative_v2_sac_Walker2d_dw60_s1,paper_negative_v2,sac,Walker2d-v2,1,60,300,1499,True,275.240,6.126,423.172,7.218,17.324,1.291,True
paper_negative_v2_sac_Walker2d_dw60_s2,paper_negative_v2,sac,Walker2d-v2,2,60,300,1499,True,280.445,10.550,345.704,6.742,16.180,0.761,True
paper_oracle_v2_bapr_Ant_dw60_s0,paper_oracle_v2,bapr,Ant-v2,0,60,300,1499,True,17230.977,6261.397,21977.306,13.231,31.755,2.917,True
paper_oracle_v2_bapr_Ant_dw60_s1,paper_oracle_v2,bapr,Ant-v2,1,60,300,1499,True,21858.507,411.840,22583.433,9.843,23.623,1.452,True
paper_oracle_v2_bapr_Ant_dw60_s2,paper_oracle_v2,bapr,Ant-v2,2,60,300,1499,True,18484.151,1044.222,21227.527,9.844,23.625,1.465,True
paper_oracle_v2_bapr_HalfCheetah_dw60_s0,paper_oracle_v2,bapr,HalfCheetah-v2,0,60,300,1499,True,13858.308,227.585,14313.611,19.391,46.539,2.073,True
paper_oracle_v2_bapr_HalfCheetah_dw60_s1,paper_oracle_v2,bapr,HalfCheetah-v2,1,60,300,1499,True,12088.863,328.916,12866.588,19.268,46.243,2.049,True
paper_oracle_v2_bapr_HalfCheetah_dw60_s2,paper_oracle_v2,bapr,HalfCheetah-v2,2,60,300,1499,True,8759.406,166.152,9913.688,18.063,43.352,1.880,True
paper_sac_Ant_dw60_s0,paper,sac,Ant-v2,0,60,300,1499,True,19988.845,706.671,21760.626,4.433,10.640,0.270,True
paper_sac_Ant_dw60_s1,paper,sac,Ant-v2,1,60,300,1499,True,18193.119,2985.535,20951.484,6.469,15.525,0.556,True
paper_sac_Ant_dw60_s2,paper,sac,Ant-v2,2,60,21,100,False,4105.159,427.882,4971.634,0.769,27.416,1.334,True
paper_sac_HalfCheetah_dw60_s0,paper,sac,HalfCheetah-v2,0,60,300,1499,True,13626.696,604.125,15120.353,7.518,18.042,0.152,True
paper_sac_HalfCheetah_dw60_s1,paper,sac,HalfCheetah-v2,1,60,300,1499,True,14803.981,389.834,15695.880,14.666,35.199,0.684,True
paper_sac_HalfCheetah_dw60_s2,paper,sac,HalfCheetah-v2,2,60,300,1499,True,22733.053,555.510,24591.801,,,,False
paper_sac_Hopper_dw60_s0,paper,sac,Hopper-v2,0,60,300,1499,True,581.456,11.239,604.038,2.189,5.253,0.139,True
paper_sac_Hopper_dw60_s1,paper,sac,Hopper-v2,1,60,300,1499,True,396.720,58.972,543.075,5.116,12.277,0.802,True
paper_sac_Hopper_dw60_s2,paper,sac,Hopper-v2,2,60,300,1499,True,376.478,9.142,486.570,8.497,20.392,1.633,True
paper_sac_Walker2d_dw60_s0,paper,sac,Walker2d-v2,0,60,300,1499,True,295.562,9.618,471.853,9.123,21.896,1.785,True
paper_sac_Walker2d_dw60_s1,paper,sac,Walker2d-v2,1,60,300,1499,True,298.309,2.239,349.958,9.124,21.898,1.790,True
paper_sac_Walker2d_dw60_s2,paper,sac,Walker2d-v2,2,60,300,1499,True,321.287,6.371,413.200,,,,False
paper_sens_v2_ep1_bapr_Ant_dw60_s0,paper_sens_v2_ep1,bapr,Ant-v2,0,60,300,1499,True,22908.042,4557.423,24843.633,8.879,21.308,1.752,True
paper_sens_v2_ep1_bapr_HalfCheetah_dw60_s0,paper_sens_v2_ep1,bapr,HalfCheetah-v2,0,60,300,1499,True,14918.843,498.412,15733.521,30.344,72.826,3.581,True
paper_sens_v2_ep2_bapr_Ant_dw60_s0,paper_sens_v2_ep2,bapr,Ant-v2,0,60,300,1499,True,21458.300,3792.090,24506.863,8.950,21.479,1.197,True
paper_sens_v2_ep2_bapr_HalfCheetah_dw60_s0,paper_sens_v2_ep2,bapr,HalfCheetah-v2,0,60,300,1499,True,9028.297,2358.828,10473.051,19.970,47.929,1.455,True
paper_sens_v2_ep4_bapr_Ant_dw60_s0,paper_sens_v2_ep4,bapr,Ant-v2,0,60,300,1499,True,16387.991,7222.627,22547.808,12.653,30.368,2.784,True
paper_sens_v2_ep4_bapr_HalfCheetah_dw60_s0,paper_sens_v2_ep4,bapr,HalfCheetah-v2,0,60,300,1499,True,6945.690,3363.801,10482.722,17.554,42.131,1.496,True
paper_sens_v2_ep8_bapr_Ant_dw60_s0,paper_sens_v2_ep8,bapr,Ant-v2,0,60,300,1499,True,24586.078,655.340,27161.438,11.922,28.613,1.606,True
paper_sens_v2_ep8_bapr_HalfCheetah_dw60_s0,paper_sens_v2_ep8,bapr,HalfCheetah-v2,0,60,300,1499,True,10925.803,616.366,12133.197,18.813,45.150,1.359,True
paper_sens_v2_h10_bapr_Ant_dw60_s0,paper_sens_v2_h10,bapr,Ant-v2,0,60,300,1499,True,18330.744,3391.699,21141.150,10.110,24.264,2.209,True
paper_sens_v2_h10_bapr_HalfCheetah_dw60_s0,paper_sens_v2_h10,bapr,HalfCheetah-v2,0,60,300,1499,True,8663.509,377.799,9426.544,16.540,39.695,1.733,True
paper_sens_v2_h20_bapr_Ant_dw60_s0,paper_sens_v2_h20,bapr,Ant-v2,0,60,300,1499,True,19147.407,5693.144,23796.025,10.689,25.654,1.431,True
paper_sens_v2_h20_bapr_HalfCheetah_dw60_s0,paper_sens_v2_h20,bapr,HalfCheetah-v2,0,60,300,1499,True,12145.473,911.113,13374.218,17.609,42.261,1.490,True
paper_sens_v2_h40_bapr_Ant_dw60_s0,paper_sens_v2_h40,bapr,Ant-v2,0,60,300,1499,True,15105.808,6838.165,21882.521,9.042,21.701,1.210,True
paper_sens_v2_h40_bapr_HalfCheetah_dw60_s0,paper_sens_v2_h40,bapr,HalfCheetah-v2,0,60,300,1499,True,10329.057,2096.273,12479.206,24.603,59.046,2.747,True
paper_sens_v2_haz002_bapr_HalfCheetah_dw60_s0,paper_sens_v2_haz002,bapr,HalfCheetah-v2,0,60,300,1499,True,11838.101,928.139,13458.504,17.551,42.123,1.853,True
paper_sens_v2_haz005_bapr_HalfCheetah_dw60_s0,paper_sens_v2_haz005,bapr,HalfCheetah-v2,0,60,300,1499,True,11851.957,227.587,12377.060,20.682,49.636,2.138,True
paper_sens_v2_haz010_bapr_Ant_dw60_s0,paper_sens_v2_haz010,bapr,Ant-v2,0,60,181,900,False,20831.761,1893.115,22892.482,7.447,29.753,1.635,True
paper_sens_v2_haz010_bapr_HalfCheetah_dw60_s0,paper_sens_v2_haz010,bapr,HalfCheetah-v2,0,60,300,1499,True,9223.239,334.998,9931.123,20.758,49.819,2.122,True
paper_sens_v2_rhaz0005_bapr_Ant_dw60_s0,paper_sens_v2_rhaz0005,bapr,Ant-v2,0,60,300,1499,True,19211.386,6221.164,23265.607,12.113,29.070,2.607,True
paper_sens_v2_rhaz0005_bapr_HalfCheetah_dw60_s0,paper_sens_v2_rhaz0005,bapr,HalfCheetah-v2,0,60,300,1499,True,7253.625,3297.348,12221.195,20.060,48.144,1.474,True
paper_sens_v2_rhaz001_bapr_Ant_dw60_s0,paper_sens_v2_rhaz001,bapr,Ant-v2,0,60,300,1499,True,21473.661,3424.191,23499.724,9.354,22.449,1.880,True
paper_sens_v2_rhaz001_bapr_HalfCheetah_dw60_s0,paper_sens_v2_rhaz001,bapr,HalfCheetah-v2,0,60,300,1499,True,10959.239,341.510,11611.904,19.415,46.595,1.405,True
paper_sens_v2_rhaz003_bapr_Ant_dw60_s0,paper_sens_v2_rhaz003,bapr,Ant-v2,0,60,300,1499,True,17191.913,5002.552,20532.903,11.595,27.828,2.039,True
paper_sens_v2_rhaz003_bapr_HalfCheetah_dw60_s0,paper_sens_v2_rhaz003,bapr,HalfCheetah-v2,0,60,300,1499,True,10864.536,278.394,11955.062,17.114,41.075,1.774,True
paper_sens_v2_sw_balanced_bapr_Ant_dw60_s0,paper_sens_v2_sw_balanced,bapr,Ant-v2,0,60,300,1499,True,23319.677,4158.457,27835.812,10.541,25.298,1.406,True
paper_sens_v2_sw_balanced_bapr_HalfCheetah_dw60_s0,paper_sens_v2_sw_balanced,bapr,HalfCheetah-v2,0,60,300,1499,True,8046.027,1580.814,8943.075,26.050,62.519,3.032,True
paper_sens_v2_sw_qheavy_bapr_Ant_dw60_s0,paper_sens_v2_sw_qheavy,bapr,Ant-v2,0,60,300,1499,True,19467.434,4943.969,22270.451,10.684,25.641,1.423,True
paper_sens_v2_sw_qheavy_bapr_HalfCheetah_dw60_s0,paper_sens_v2_sw_qheavy,bapr,HalfCheetah-v2,0,60,300,1499,True,11810.809,1889.865,14568.358,30.450,73.081,3.667,True
paper_sens_v2_sw_reward_bapr_Ant_dw60_s0,paper_sens_v2_sw_reward,bapr,Ant-v2,0,60,300,1499,True,20308.998,5116.540,22729.190,8.597,20.632,1.703,True
paper_sens_v2_sw_reward_bapr_HalfCheetah_dw60_s0,paper_sens_v2_sw_reward,bapr,HalfCheetah-v2,0,60,300,1499,True,9967.478,443.827,11158.271,17.980,43.152,1.337,True
