run,tag,algo,env,seed,dwell,n_eval,last_iter,complete_1500,mean_last_iters,std_last_iters,best_eval,runtime_hours,mean_iter_seconds,mean_train_seconds,has_eval_std,mode_means,worst_mode,worst_mode_mean,mean_worst_gap,worst_quartile_mean,recovery_n,recovery_median_iters,recovery_mean_iters
paper_ablate_v2_bad_bapr_Ant_dw60_s0,paper_ablate_v2,bad_bapr,Ant-v2,0,60,300,1499,True,4510.985,4084.244,16526.082,11.922,28.613,2.410,True,0:8414.3;1:3864.2;3:2765.1,3,2765.140,2249.395,1293.052,28,4.0,14.0
paper_ablate_v2_bad_bapr_Ant_dw60_s1,paper_ablate_v2,bad_bapr,Ant-v2,1,60,300,1499,True,1676.397,1007.643,13098.024,7.768,18.642,1.695,True,0:1944.9;1:2309.6;2:1514.5;3:1284.0,3,1284.020,479.229,634.270,26,3.5,87.4
paper_ablate_v2_bad_bapr_Ant_dw60_s2,paper_ablate_v2,bad_bapr,Ant-v2,2,60,300,1499,True,8904.777,6776.669,21098.591,7.762,18.629,1.652,True,0:6798.2;1:3619.9;2:13180.6;3:11057.8,1,3619.853,5044.265,2300.240,22,3.0,13.8
paper_ablate_v2_bad_bapr_HalfCheetah_dw60_s0,paper_ablate_v2,bad_bapr,HalfCheetah-v2,0,60,300,1499,True,22041.200,4458.045,26269.432,23.412,56.190,2.281,True,0:19970.1;1:25137.6;3:22091.5,0,19970.112,2429.628,17371.080,28,2.0,2.2
paper_ablate_v2_bad_bapr_HalfCheetah_dw60_s1,paper_ablate_v2,bad_bapr,HalfCheetah-v2,1,60,300,1499,True,23774.589,638.601,25219.727,22.181,53.236,2.260,True,0:24221.9;1:24119.8;2:23412.0;3:23828.3,2,23412.000,483.512,22956.202,22,2.0,2.1
paper_ablate_v2_bad_bapr_HalfCheetah_dw60_s2,paper_ablate_v2,bad_bapr,HalfCheetah-v2,2,60,300,1499,True,24922.705,462.165,25920.215,23.386,56.126,2.432,True,0:24976.5;1:24862.8;2:25109.4;3:24812.1,3,24812.141,128.100,24358.284,21,2.0,2.2
paper_ablate_v2_bapr_fixed_decay_Ant_dw60_s0,paper_ablate_v2,bapr_fixed_decay,Ant-v2,0,60,300,1499,True,1489.127,644.590,5130.533,5.224,12.538,0.656,True,0:1353.8;1:1554.5;3:1536.0,0,1353.792,127.644,808.801,28,3.0,80.8
paper_ablate_v2_bapr_fixed_decay_Ant_dw60_s1,paper_ablate_v2,bapr_fixed_decay,Ant-v2,1,60,300,1499,True,4229.486,4134.120,16965.062,7.752,18.605,1.292,True,0:4732.8;1:2620.1;2:5483.7;3:3877.0,1,2620.120,1558.283,1474.762,26,3.0,22.0
paper_ablate_v2_bapr_fixed_decay_Ant_dw60_s2,paper_ablate_v2,bapr_fixed_decay,Ant-v2,2,60,300,1499,True,2848.188,2642.527,17956.320,7.646,18.351,1.297,True,0:2218.5;1:2784.8;2:3797.3;3:2253.7,0,2218.542,545.064,970.230,22,3.5,13.6
paper_ablate_v2_bapr_fixed_decay_HalfCheetah_dw60_s0,paper_ablate_v2,bapr_fixed_decay,HalfCheetah-v2,0,60,300,1499,True,19479.412,481.396,20734.263,10.320,24.767,0.575,True,0:19583.2;1:19398.5;3:19453.3,1,19398.466,79.851,18858.379,28,2.5,3.7
paper_ablate_v2_bapr_fixed_decay_HalfCheetah_dw60_s1,paper_ablate_v2,bapr_fixed_decay,HalfCheetah-v2,1,60,300,1499,True,18081.198,458.460,18920.791,22.088,53.010,2.307,True,0:18508.7;1:17955.6;2:18096.6;3:18059.7,1,17955.643,199.516,17469.621,24,2.0,1.9
paper_ablate_v2_bapr_fixed_decay_HalfCheetah_dw60_s2,paper_ablate_v2,bapr_fixed_decay,HalfCheetah-v2,2,60,300,1499,True,15554.687,691.464,17829.289,22.059,52.941,2.332,True,0:15014.2;1:15324.1;2:15853.1;3:15657.5,0,15014.203,448.021,14738.579,21,2.0,5.8
paper_ablate_v2_bapr_no_adapt_beta_Ant_dw60_s0,paper_ablate_v2,bapr_no_adapt_beta,Ant-v2,0,60,300,1499,True,4754.064,4166.603,20337.754,11.503,27.608,1.446,True,0:4652.8;1:6803.7;3:4152.5,3,4152.535,1050.481,1742.768,28,3.0,49.1
paper_ablate_v2_bapr_no_adapt_beta_Ant_dw60_s1,paper_ablate_v2,bapr_no_adapt_beta,Ant-v2,1,60,300,1499,True,3047.244,1335.177,14782.255,11.384,27.322,1.432,True,0:2064.8;1:3399.1;2:3050.1;3:2966.9,0,2064.755,805.483,1617.577,26,4.0,64.8
paper_ablate_v2_bapr_no_adapt_beta_Ant_dw60_s2,paper_ablate_v2,bapr_no_adapt_beta,Ant-v2,2,60,300,1499,True,3323.586,3075.106,17363.930,11.846,28.431,1.479,True,0:2049.9;1:3734.0;2:2553.3;3:3858.9,0,2049.869,999.146,1457.377,22,1.5,5.5
paper_ablate_v2_bapr_no_adapt_beta_HalfCheetah_dw60_s0,paper_ablate_v2,bapr_no_adapt_beta,HalfCheetah-v2,0,60,300,1499,True,11213.682,608.466,12210.196,15.380,36.911,1.269,True,0:10746.7;1:11678.1;3:11299.4,0,10746.668,494.737,10347.609,28,3.0,4.8
paper_ablate_v2_bapr_no_adapt_beta_HalfCheetah_dw60_s1,paper_ablate_v2,bapr_no_adapt_beta,HalfCheetah-v2,1,60,300,1499,True,20109.278,660.788,21943.700,8.486,20.367,0.359,True,0:20307.2;1:19851.8;2:20169.4;3:20199.2,1,19851.841,280.073,19326.654,25,2.0,2.0
paper_ablate_v2_bapr_no_adapt_beta_HalfCheetah_dw60_s2,paper_ablate_v2,bapr_no_adapt_beta,HalfCheetah-v2,2,60,300,1499,True,23661.970,638.342,24820.541,20.859,50.063,1.423,True,0:23504.7;1:23897.3;2:24040.6;3:23142.6,3,23142.594,503.693,22727.564,21,1.0,1.7
paper_ablate_v2_bapr_no_bocd_Ant_dw60_s0,paper_ablate_v2,bapr_no_bocd,Ant-v2,0,60,300,1499,True,6918.336,5745.971,19119.396,11.923,28.616,2.399,True,0:7112.5;1:7895.9;3:6510.2,3,6510.226,662.634,1802.734,28,4.0,8.9
paper_ablate_v2_bapr_no_bocd_Ant_dw60_s1,paper_ablate_v2,bapr_no_bocd,Ant-v2,1,60,300,1499,True,10802.766,7414.601,21994.641,11.689,28.052,2.409,True,0:12738.3;1:9550.4;2:12857.3;3:8794.4,3,8794.365,2190.724,2780.896,26,3.0,46.0
paper_ablate_v2_bapr_no_bocd_Ant_dw60_s2,paper_ablate_v2,bapr_no_bocd,Ant-v2,2,60,300,1499,True,3981.366,2537.583,17783.439,11.685,28.044,2.410,True,0:5027.8;1:4624.9;2:4349.1;3:2785.2,3,2785.158,1411.590,2203.920,22,3.5,29.5
paper_ablate_v2_bapr_no_bocd_HalfCheetah_dw60_s0,paper_ablate_v2,bapr_no_bocd,HalfCheetah-v2,0,60,300,1499,True,12448.819,1264.885,15492.245,21.652,51.965,1.421,True,0:12764.8;1:11941.1;3:12452.4,1,11941.080,445.009,10873.583,28,3.0,5.0
paper_ablate_v2_bapr_no_bocd_HalfCheetah_dw60_s1,paper_ablate_v2,bapr_no_bocd,HalfCheetah-v2,1,60,300,1499,True,26222.235,1316.160,27875.488,21.712,52.108,1.433,True,0:26220.8;1:26499.0;2:25782.7;3:26481.7,2,25782.692,463.346,24742.308,23,2.0,2.7
paper_ablate_v2_bapr_no_bocd_HalfCheetah_dw60_s2,paper_ablate_v2,bapr_no_bocd,HalfCheetah-v2,2,60,300,1499,True,12946.446,456.385,14404.101,20.829,49.989,1.371,True,0:12705.7;1:12898.7;2:13107.0;3:12913.9,0,12705.697,200.628,12384.542,22,1.0,1.7
paper_ablate_v2_bapr_no_rmdm_Ant_dw60_s0,paper_ablate_v2,bapr_no_rmdm,Ant-v2,0,60,300,1499,True,3081.197,2848.429,18473.323,15.514,37.235,2.096,True,0:2374.4;1:2810.6;3:3520.7,0,2374.434,527.468,1251.400,28,4.0,48.0
paper_ablate_v2_bapr_no_rmdm_Ant_dw60_s1,paper_ablate_v2,bapr_no_rmdm,Ant-v2,1,60,300,1499,True,1967.396,1285.500,16948.273,5.754,13.811,0.500,True,0:3517.1;1:1449.8;2:1811.1;3:2206.7,1,1449.832,796.344,864.136,26,3.5,80.3
paper_ablate_v2_bapr_no_rmdm_Ant_dw60_s2,paper_ablate_v2,bapr_no_rmdm,Ant-v2,2,60,300,1499,True,2780.076,1729.299,15081.771,15.520,37.247,2.094,True,0:2568.0;1:3176.9;2:3010.2;3:2237.4,3,2237.421,510.724,1186.025,22,4.0,35.0
paper_ablate_v2_bapr_no_rmdm_HalfCheetah_dw60_s0,paper_ablate_v2,bapr_no_rmdm,HalfCheetah-v2,0,60,300,1499,True,21072.837,741.402,24368.824,19.681,47.235,1.210,True,0:21190.3;3:20668.3,3,20668.273,261.009,20150.210,29,3.0,2.3
paper_ablate_v2_bapr_no_rmdm_HalfCheetah_dw60_s1,paper_ablate_v2,bapr_no_rmdm,HalfCheetah-v2,1,60,300,1499,True,11692.268,1246.664,13100.486,20.513,49.231,1.238,True,1:11524.4;2:11711.4;3:11842.5,1,11524.391,168.363,10316.232,30,2.0,2.8
paper_ablate_v2_bapr_no_rmdm_HalfCheetah_dw60_s2,paper_ablate_v2,bapr_no_rmdm,HalfCheetah-v2,2,60,300,1499,True,20970.243,3608.413,22522.209,20.441,49.058,1.250,True,0:21110.4;1:17339.1;2:21666.8;3:21765.3,1,17339.075,3131.304,18426.795,22,2.0,3.6
paper_ablate_v2_bapr_unsupervised_Ant_dw60_s0,paper_ablate_v2,bapr_unsupervised,Ant-v2,0,60,300,1499,True,1398.202,752.841,14220.141,8.701,20.883,1.641,True,0:1071.7;1:1546.3;3:1514.3,0,1071.691,305.759,617.805,28,4.0,40.6
paper_ablate_v2_bapr_unsupervised_Ant_dw60_s1,paper_ablate_v2,bapr_unsupervised,Ant-v2,1,60,300,1499,True,1359.407,680.252,12417.900,11.054,26.529,2.277,True,0:1105.3;1:1443.6;2:1445.7;3:1244.8,0,1105.308,204.567,694.670,26,4.0,180.3
paper_ablate_v2_bapr_unsupervised_Ant_dw60_s2,paper_ablate_v2,bapr_unsupervised,Ant-v2,2,60,300,1499,True,2938.332,2735.412,16316.320,4.761,11.426,0.689,True,0:6021.9;1:3593.8;2:2293.4;3:2117.0,3,2116.962,1389.567,1303.034,22,2.5,15.0
paper_ablate_v2_bapr_unsupervised_HalfCheetah_dw60_s0,paper_ablate_v2,bapr_unsupervised,HalfCheetah-v2,0,60,300,1499,True,19108.840,1471.020,23922.361,21.755,52.212,1.362,True,0:19878.8;1:18460.0;3:18930.3,1,18459.974,629.715,17535.760,28,3.0,4.4
paper_ablate_v2_bapr_unsupervised_HalfCheetah_dw60_s1,paper_ablate_v2,bapr_unsupervised,HalfCheetah-v2,1,60,300,1499,True,20445.484,1050.881,23133.919,21.793,52.304,1.576,True,0:20051.0;1:19979.7;2:21102.1;3:20111.5,1,19979.663,331.415,19338.965,23,2.0,2.0
paper_ablate_v2_bapr_unsupervised_HalfCheetah_dw60_s2,paper_ablate_v2,bapr_unsupervised,HalfCheetah-v2,2,60,300,1499,True,11321.513,2857.162,14857.761,21.895,52.547,1.529,True,0:11828.0;1:11156.0;2:13184.2;3:9794.0,3,9794.037,1696.521,7116.567,22,2.0,5.4
paper_bad_bapr_HalfCheetah_dw60_s1,paper,bad_bapr,HalfCheetah-v2,1,60,300,1499,True,16362.641,450.018,17283.582,23.348,56.035,2.434,True,0:16527.8;1:16279.4;2:16439.1;3:16295.2,1,16279.382,105.987,15790.506,24,2.0,1.9
paper_bad_bapr_HalfCheetah_dw60_s2,paper,bad_bapr,HalfCheetah-v2,2,60,300,1499,True,10884.448,2325.561,13835.600,,,,False,,,,,7414.440,0,,
paper_bapr_fixed_decay_HalfCheetah_dw60_s1,paper,bapr_fixed_decay,HalfCheetah-v2,1,60,300,1499,True,8508.545,626.818,10049.887,23.331,55.995,2.440,True,0:8084.8;1:8424.1;2:8601.9;3:8583.0,0,8084.768,338.671,7651.004,23,2.0,2.1
paper_bapr_fixed_decay_HalfCheetah_dw60_s2,paper,bapr_fixed_decay,HalfCheetah-v2,2,60,300,1499,True,19621.483,609.210,20719.832,23.334,56.001,2.539,True,0:19985.9;1:19411.1;2:19593.3;3:19771.6,1,19411.080,279.407,18801.660,21,2.0,2.2
paper_bapr_Hopper_dw60_s1,paper,bapr,Hopper-v2,1,60,300,1499,True,382.437,4.524,430.434,6.695,16.069,2.119,True,0:384.3;1:380.0;2:383.2;3:383.1,1,380.027,2.609,376.159,26,2.0,2.0
paper_bapr_Hopper_dw60_s2,paper,bapr,Hopper-v2,2,60,300,1499,True,451.735,6.211,469.946,2.305,5.533,0.318,True,1:451.5;3:451.8,1,451.526,0.139,442.944,19,2.0,2.8
paper_bapr_no_adapt_beta_HalfCheetah_dw60_s1,paper,bapr_no_adapt_beta,HalfCheetah-v2,1,60,300,1499,True,20603.430,4239.366,23443.195,15.793,37.904,1.257,True,0:17723.4;1:22366.8;2:20728.4;3:19697.8,0,17723.401,2405.690,16496.042,23,2.0,2.0
paper_bapr_no_adapt_beta_HalfCheetah_dw60_s2,paper,bapr_no_adapt_beta,HalfCheetah-v2,2,60,300,1499,True,18173.600,954.747,19443.549,15.794,37.905,1.267,True,0:18788.8;1:18086.0;2:17545.4;3:18650.7,2,17545.441,722.302,16948.788,21,2.0,2.2
paper_bapr_no_bocd_HalfCheetah_dw60_s1,paper,bapr_no_bocd,HalfCheetah-v2,1,60,300,1499,True,18905.643,1257.621,21361.317,7.571,18.170,0.224,True,0:19366.9;1:17662.9;2:19744.3;3:18777.6,1,17662.919,1225.006,17313.161,24,3.0,7.9
paper_bapr_no_bocd_HalfCheetah_dw60_s2,paper,bapr_no_bocd,HalfCheetah-v2,2,60,300,1499,True,8779.464,402.797,10901.047,24.277,58.264,2.492,True,0:8661.8;1:8763.9;2:8871.1;3:8744.6,0,8661.764,98.592,8272.364,21,1.0,1.7
paper_bapr_no_rmdm_HalfCheetah_dw60_s1,paper,bapr_no_rmdm,HalfCheetah-v2,1,60,300,1499,True,11026.111,595.792,12553.994,7.525,18.060,0.167,True,0:11931.9;1:10879.7;2:11020.6;3:10928.6,1,10879.675,310.516,10258.968,24,2.0,1.9
paper_bapr_no_rmdm_HalfCheetah_dw60_s2,paper,bapr_no_rmdm,HalfCheetah-v2,2,60,300,1499,True,9398.910,485.861,11437.473,7.504,18.011,0.165,True,0:8884.1;1:9313.8;2:9629.0;3:9408.2,0,8884.051,424.698,8787.451,21,2.0,3.2
paper_bapr_Walker2d_dw60_s1,paper,bapr,Walker2d-v2,1,60,300,1499,True,376.145,14.086,431.800,0.036,129.889,0.000,True,0:376.1,0,376.145,0.000,358.940,0,,
paper_bapr_Walker2d_dw60_s2,paper,bapr,Walker2d-v2,2,60,300,1499,True,326.229,4.709,341.317,4.855,11.652,1.249,True,0:326.3;1:327.9;2:324.8;3:325.7,2,324.810,1.378,319.382,22,2.0,2.2
paper_escp_Hopper_dw60_s1,paper,escp,Hopper-v2,1,60,300,1499,True,667.582,71.876,861.308,4.731,11.354,1.303,True,0:684.3;1:670.1;2:658.5;3:672.7,2,658.489,12.904,576.255,26,2.0,2.0
paper_escp_Hopper_dw60_s2,paper,escp,Hopper-v2,2,60,300,1499,True,715.135,26.277,765.313,4.735,11.365,1.310,True,0:684.7;1:717.9;2:699.4;3:732.7,0,684.704,23.974,677.787,22,2.0,2.2
paper_escp_Walker2d_dw60_s1,paper,escp,Walker2d-v2,1,60,300,1499,True,573.443,102.178,789.397,4.827,11.584,1.197,True,0:611.8;1:574.6;2:508.3;3:644.4,2,508.291,76.457,429.567,26,2.0,2.4
paper_escp_Walker2d_dw60_s2,paper,escp,Walker2d-v2,2,60,300,1499,True,347.076,36.934,696.526,2.353,5.646,0.209,True,0:336.0;1:322.0;2:364.4;3:360.1,1,322.018,23.590,302.562,22,2.0,4.7
paper_full_v2_bapr_Ant_dw60_s0,paper_full_v2,bapr,Ant-v2,0,60,300,1499,True,18319.318,3071.565,21674.386,11.758,28.219,2.597,True,1:17957.4;3:19566.1,1,17957.358,804.354,15053.210,25,3.0,4.6
paper_full_v2_bapr_Ant_dw60_s1,paper_full_v2,bapr,Ant-v2,1,60,300,1499,True,23382.337,835.926,25992.459,12.291,29.499,2.621,True,0:23439.6;1:23289.8;2:23312.5;3:23532.4,1,23289.803,103.790,22251.696,26,2.0,2.0
paper_full_v2_bapr_Ant_dw60_s2,paper_full_v2,bapr,Ant-v2,2,60,300,1499,True,21729.088,649.066,22874.952,12.490,29.976,2.797,True,0:21391.8;1:21615.9;2:21641.2;3:21994.4,0,21391.826,269.025,20843.925,22,2.0,3.4
paper_full_v2_bapr_Ant_dw60_s3,paper_full_v2,bapr,Ant-v2,3,60,300,1499,True,18976.784,8325.746,25912.699,12.532,30.076,2.858,True,0:18870.1;1:23138.7,0,18870.067,2134.333,4950.523,30,2.5,5.4
paper_full_v2_bapr_Ant_dw60_s4,paper_full_v2,bapr,Ant-v2,4,60,300,1499,True,20922.783,5863.684,25832.600,13.275,31.861,3.060,True,0:20289.1;1:23218.1;2:21160.7,0,20289.090,1266.863,13104.270,35,2.0,3.4
paper_full_v2_bapr_HalfCheetah_dw60_s0,paper_full_v2,bapr,HalfCheetah-v2,0,60,300,1499,True,7831.850,199.758,9439.235,7.698,18.474,0.386,True,0:7851.8;1:7720.1;3:7857.4,1,7720.145,89.638,7593.994,27,2.0,2.2
paper_full_v2_bapr_HalfCheetah_dw60_s1,paper_full_v2,bapr,HalfCheetah-v2,1,60,300,1499,True,10210.675,224.184,10828.250,19.460,46.703,2.038,True,1:10189.9;2:9905.0;3:10283.5,2,9905.046,221.116,9927.353,26,2.0,2.5
paper_full_v2_bapr_HalfCheetah_dw60_s2,paper_full_v2,bapr,HalfCheetah-v2,2,60,300,1499,True,12465.600,418.299,14098.432,22.928,55.027,2.570,True,0:12662.5;1:12563.8;2:12321.6;3:12443.7,2,12321.645,176.284,11898.696,21,2.0,2.2
paper_full_v2_bapr_HalfCheetah_dw60_s3,paper_full_v2,bapr,HalfCheetah-v2,3,60,300,1499,True,6046.758,172.434,6451.085,18.269,43.845,1.909,True,0:6043.4;1:6177.8,0,6043.399,67.184,5843.893,27,2.0,2.2
paper_full_v2_bapr_HalfCheetah_dw60_s4,paper_full_v2,bapr,HalfCheetah-v2,4,60,300,1499,True,9887.167,334.474,10845.894,16.282,39.078,1.566,True,0:10061.1;1:10052.8;2:9696.2,2,9696.226,240.494,9453.178,33,2.0,2.1
paper_full_v2_escp_Ant_dw60_s0,paper_full_v2,escp,Ant-v2,0,60,300,1499,True,3714.803,3826.678,17891.129,11.778,28.267,2.385,True,1:3908.3;3:3048.1,3,3048.144,430.102,1146.869,25,5.0,55.8
paper_full_v2_escp_Ant_dw60_s1,paper_full_v2,escp,Ant-v2,1,60,300,1499,True,1448.748,646.815,13154.481,11.941,28.659,2.374,True,0:2278.4;1:1711.4;2:1143.6;3:1403.9,2,1143.599,490.726,718.701,26,4.0,96.6
paper_full_v2_escp_Ant_dw60_s2,paper_full_v2,escp,Ant-v2,2,60,300,1499,True,1578.520,667.022,10771.714,11.912,28.588,2.382,True,0:1642.8;1:1326.4;2:1449.9;3:1924.6,1,1326.359,259.587,737.674,22,2.0,3.6
paper_full_v2_escp_Ant_dw60_s3,paper_full_v2,escp,Ant-v2,3,60,300,1499,True,5249.091,5098.488,22145.518,12.040,28.896,2.405,True,0:5369.8;1:540.6,1,540.589,2414.616,1130.152,30,3.0,21.2
paper_full_v2_escp_Ant_dw60_s4,paper_full_v2,escp,Ant-v2,4,60,300,1499,True,2504.137,1000.344,17466.972,11.900,28.560,2.355,True,0:2560.3;1:2349.7;2:2475.3,1,2349.723,112.055,1430.588,35,4.0,36.4
paper_full_v2_escp_HalfCheetah_dw60_s0,paper_full_v2,escp,HalfCheetah-v2,0,60,300,1499,True,17537.263,629.158,18854.531,23.256,55.814,2.437,True,0:17046.9;1:18241.4;3:17558.4,0,17046.886,568.686,16762.235,28,2.0,3.3
paper_full_v2_escp_HalfCheetah_dw60_s1,paper_full_v2,escp,HalfCheetah-v2,1,60,300,1499,True,9846.773,3745.740,15571.825,23.387,56.128,1.983,True,0:8453.9;1:10919.4;2:10245.3;3:8803.0,0,8453.884,1151.510,4999.695,23,2.0,5.5
paper_full_v2_escp_HalfCheetah_dw60_s2,paper_full_v2,escp,HalfCheetah-v2,2,60,300,1499,True,14444.708,3132.010,16595.260,23.384,56.121,2.042,True,0:15717.6;1:14595.5;2:12509.8;3:15637.5,2,12509.771,2105.299,11294.752,21,2.0,2.2
paper_full_v2_escp_HalfCheetah_dw60_s3,paper_full_v2,escp,HalfCheetah-v2,3,60,300,1499,True,11917.888,2558.250,14338.334,19.660,47.183,1.848,True,0:11882.9;1:13281.1,0,11882.934,699.098,7940.494,30,2.0,8.9
paper_full_v2_escp_HalfCheetah_dw60_s4,paper_full_v2,escp,HalfCheetah-v2,4,60,300,1499,True,13813.790,2098.654,15453.399,19.655,47.172,1.845,True,0:14421.7;1:14145.8;2:13185.4,2,13185.430,732.208,11965.145,33,2.0,2.1
paper_full_v2_resac_Ant_dw60_s0,paper_full_v2,resac,Ant-v2,0,60,300,1499,True,2488.252,1461.190,15283.191,10.820,25.969,1.232,True,0:2138.2;1:2351.6;3:2706.8,0,2138.202,260.640,1098.763,28,3.0,47.6
paper_full_v2_resac_Ant_dw60_s1,paper_full_v2,resac,Ant-v2,1,60,300,1499,True,6726.806,6241.760,19620.002,10.990,26.375,1.251,True,0:8787.0;1:5369.1;2:7487.4;3:6392.4,1,5369.143,1639.846,1808.169,26,4.0,43.3
paper_full_v2_resac_Ant_dw60_s2,paper_full_v2,resac,Ant-v2,2,60,300,1499,True,2604.688,2254.001,15583.620,11.178,26.828,1.303,True,0:2157.6;1:2567.5;2:3342.2;3:2121.0,3,2120.972,426.095,1171.638,22,3.5,67.5
paper_full_v2_resac_Ant_dw60_s3,paper_full_v2,resac,Ant-v2,3,60,300,1499,True,6831.113,6664.668,21170.043,11.034,26.482,1.271,True,0:6952.9;1:2081.4,1,2081.407,2435.747,1480.892,30,3.0,17.9
paper_full_v2_resac_Ant_dw60_s4,paper_full_v2,resac,Ant-v2,4,60,300,1499,True,1251.922,535.337,14102.495,9.983,23.960,1.113,True,0:1225.3;1:1353.2;2:1261.2,0,1225.292,54.594,659.801,35,3.0,62.2
paper_full_v2_resac_HalfCheetah_dw60_s0,paper_full_v2,resac,HalfCheetah-v2,0,60,300,1499,True,18387.772,490.909,19651.756,22.361,53.668,1.241,True,0:18619.9;1:18633.2;3:18193.6,3,18193.594,288.653,17766.583,27,2.0,2.2
paper_full_v2_resac_HalfCheetah_dw60_s1,paper_full_v2,resac,HalfCheetah-v2,1,60,300,1499,True,14064.521,444.780,14900.946,22.654,54.370,1.258,True,0:14338.0;1:14057.2;2:14068.7;3:13997.0,3,13997.015,118.215,13506.758,26,2.0,3.7
paper_full_v2_resac_HalfCheetah_dw60_s2,paper_full_v2,resac,HalfCheetah-v2,2,60,300,1499,True,8531.809,269.971,9467.740,24.631,59.115,1.433,True,0:8423.7;1:8488.7;2:8678.9;3:8475.4,0,8423.671,93.000,8185.454,21,2.0,2.2
paper_full_v2_resac_HalfCheetah_dw60_s3,paper_full_v2,resac,HalfCheetah-v2,3,60,300,1499,True,16319.713,830.461,17653.888,20.325,48.779,1.104,True,0:16310.8;1:16665.4,0,16310.848,177.284,15152.759,29,2.0,2.3
paper_full_v2_resac_HalfCheetah_dw60_s4,paper_full_v2,resac,HalfCheetah-v2,4,60,300,1499,True,20217.047,1222.385,21805.443,21.838,52.410,1.205,True,0:20573.7;1:20575.5;2:19822.5,2,19822.546,501.385,18419.219,33,2.0,2.7
paper_full_v2_sac_Ant_dw60_s0,paper_full_v2,sac,Ant-v2,0,60,300,1499,True,11570.642,335.566,12300.815,7.679,18.430,0.774,True,0:11234.3;1:11902.5;3:11633.2,0,11234.337,355.687,11173.087,28,2.0,2.2
paper_full_v2_sac_Ant_dw60_s1,paper_full_v2,sac,Ant-v2,1,60,300,1499,True,16521.106,6423.325,21643.357,7.282,17.476,0.726,True,1:16583.9;2:18332.4;3:16152.9,3,16152.939,870.138,9174.716,30,2.0,3.1
paper_full_v2_sac_Ant_dw60_s2,paper_full_v2,sac,Ant-v2,2,60,300,1499,True,17578.766,890.924,19233.307,7.162,17.189,0.670,True,0:16424.3;1:17936.7;2:18136.5;3:17015.4,0,16424.298,953.905,16299.273,22,2.0,6.1
paper_full_v2_sac_Ant_dw60_s3,paper_full_v2,sac,Ant-v2,3,60,300,1499,True,18770.357,465.109,19720.590,6.358,15.259,0.584,True,0:18771.3;1:18731.9,1,18731.895,19.724,18139.584,30,2.0,2.2
paper_full_v2_sac_Ant_dw60_s4,paper_full_v2,sac,Ant-v2,4,60,300,1499,True,16891.757,2764.577,19085.893,3.675,8.820,0.192,True,0:16287.3;1:17532.7;2:17363.2,0,16287.320,773.742,14964.579,35,2.0,2.1
paper_full_v2_sac_HalfCheetah_dw60_s0,paper_full_v2,sac,HalfCheetah-v2,0,60,300,1499,True,8070.188,285.562,8544.142,22.386,53.726,1.262,True,0:8102.9;2:8188.9;3:7850.5,3,7850.477,196.952,7707.391,16,2.0,2.0
paper_full_v2_sac_HalfCheetah_dw60_s1,paper_full_v2,sac,HalfCheetah-v2,1,60,300,1499,True,21352.867,504.120,22381.038,22.687,54.449,1.261,True,0:20872.3;1:21684.5;2:21151.8;3:21448.0,0,20872.311,416.834,20647.979,26,2.0,2.0
paper_full_v2_sac_HalfCheetah_dw60_s2,paper_full_v2,sac,HalfCheetah-v2,2,60,300,1499,True,13491.645,449.715,14472.847,24.470,58.727,1.399,True,0:13430.2;1:13556.5;2:13426.8;3:13495.8,2,13426.843,50.500,12920.265,21,2.0,2.2
paper_full_v2_sac_HalfCheetah_dw60_s3,paper_full_v2,sac,HalfCheetah-v2,3,60,300,1499,True,8618.458,161.704,8934.680,18.310,43.944,0.951,True,0:8622.4;1:8464.1,1,8464.132,79.142,8406.080,27,2.0,2.2
paper_full_v2_sac_HalfCheetah_dw60_s4,paper_full_v2,sac,HalfCheetah-v2,4,60,300,1499,True,7653.178,389.203,9611.926,23.295,55.907,1.317,True,0:7634.4;1:7555.3;2:7686.4,1,7555.299,70.074,7134.383,32,2.0,2.0
paper_legacy_v2_bapr_Ant_dw60_s0,paper_legacy_v2,bapr,Ant-v2,0,60,300,1499,True,15748.920,6256.711,21531.838,11.054,26.529,2.508,True,0:15490.4;1:18995.4;3:14845.2,3,14845.218,1598.445,5123.666,28,2.0,3.5
paper_legacy_v2_bapr_Ant_dw60_s1,paper_legacy_v2,bapr,Ant-v2,1,60,300,1499,True,16431.595,5995.654,21641.357,11.255,27.011,2.564,True,0:16286.7;1:17334.4;2:17098.7;3:14861.9,3,14861.935,1533.507,6676.634,26,2.5,4.7
paper_legacy_v2_bapr_Ant_dw60_s2,paper_legacy_v2,bapr,Ant-v2,2,60,300,1499,True,17077.104,4037.165,19665.881,11.768,28.242,2.649,True,0:17703.0;1:17396.5;2:18003.8;3:15829.2,3,15829.167,1403.944,14076.598,22,2.0,2.2
paper_legacy_v2_bapr_HalfCheetah_dw60_s0,paper_legacy_v2,bapr,HalfCheetah-v2,0,60,300,1499,True,12571.336,611.614,13506.550,14.116,33.880,1.591,True,0:11870.9;1:13079.9;3:12759.7,0,11870.901,699.274,11746.099,27,2.0,2.1
paper_legacy_v2_bapr_HalfCheetah_dw60_s1,paper_legacy_v2,bapr,HalfCheetah-v2,1,60,300,1499,True,8777.734,526.696,9835.928,14.125,33.900,1.584,True,0:9274.6;1:8424.0;2:8790.9;3:8931.8,1,8423.996,431.335,8036.181,20,2.0,2.1
paper_legacy_v2_bapr_HalfCheetah_dw60_s2,paper_legacy_v2,bapr,HalfCheetah-v2,2,60,300,1499,True,6705.663,2638.705,9006.808,14.918,35.804,1.560,True,0:6504.9;1:6912.1;2:5742.9;3:7360.2,2,5742.914,887.110,2804.044,21,2.0,5.0
paper_negative_v2_bapr_Hopper_dw60_s0,paper_negative_v2,bapr,Hopper-v2,0,60,300,1499,True,463.656,10.831,481.339,7.341,17.619,1.567,True,0:463.1;1:465.2;3:463.4,0,463.117,0.789,450.146,28,2.0,2.2
paper_negative_v2_bapr_Hopper_dw60_s1,paper_negative_v2,bapr,Hopper-v2,1,60,300,1499,True,402.121,19.036,429.487,7.949,19.079,1.677,True,0:415.4;1:399.4;2:392.3;3:413.3,2,392.320,12.785,377.381,26,2.0,2.0
paper_negative_v2_bapr_Hopper_dw60_s2,paper_negative_v2,bapr,Hopper-v2,2,60,300,1499,True,459.885,17.171,494.715,6.427,15.424,1.395,True,2:459.9,2,459.885,0.000,437.553,20,2.0,2.2
paper_negative_v2_bapr_Walker2d_dw60_s0,paper_negative_v2,bapr,Walker2d-v2,0,60,300,1499,True,325.153,5.425,414.391,7.306,17.535,1.576,True,0:331.1;1:326.3;3:321.8,3,321.828,4.572,318.895,28,2.0,2.1
paper_negative_v2_bapr_Walker2d_dw60_s1,paper_negative_v2,bapr,Walker2d-v2,1,60,300,1499,True,326.962,6.100,410.270,7.304,17.529,1.705,True,0:331.0;1:325.1;2:326.1;3:328.5,1,325.106,2.595,319.187,26,2.0,2.0
paper_negative_v2_bapr_Walker2d_dw60_s2,paper_negative_v2,bapr,Walker2d-v2,2,60,300,1499,True,312.052,3.156,370.333,6.738,16.170,1.561,True,0:315.2;1:311.7;2:312.9;3:311.0,3,310.961,1.733,307.948,22,2.0,2.2
paper_negative_v2_escp_Hopper_dw60_s0,paper_negative_v2,escp,Hopper-v2,0,60,300,1499,True,557.795,82.334,698.247,5.899,14.157,1.745,True,0:560.5;3:548.6,3,548.584,5.943,475.942,29,3.0,2.3
paper_negative_v2_escp_Hopper_dw60_s1,paper_negative_v2,escp,Hopper-v2,1,60,300,1499,True,734.517,132.800,890.439,7.129,17.109,2.222,True,0:801.5;1:757.2;2:750.5;3:678.9,3,678.910,68.122,597.427,26,2.0,2.0
paper_negative_v2_escp_Hopper_dw60_s2,paper_negative_v2,escp,Hopper-v2,2,60,300,1499,True,707.093,134.708,858.519,7.117,17.081,2.197,True,0:725.2;1:677.9;2:658.5;3:773.2,2,658.515,50.183,563.224,22,2.0,2.2
paper_negative_v2_escp_Walker2d_dw60_s0,paper_negative_v2,escp,Walker2d-v2,0,60,300,1499,True,393.579,36.754,660.471,7.301,17.522,1.529,True,0:407.9;1:358.4;3:397.6,1,358.440,29.535,346.125,28,2.5,5.3
paper_negative_v2_escp_Walker2d_dw60_s1,paper_negative_v2,escp,Walker2d-v2,1,60,300,1499,True,646.150,80.890,5029.006,7.281,17.474,1.657,True,0:633.5;1:633.2;2:670.6;3:629.5,3,629.451,12.256,560.868,26,2.0,2.0
paper_negative_v2_escp_Walker2d_dw60_s2,paper_negative_v2,escp,Walker2d-v2,2,60,300,1499,True,339.633,13.595,421.251,6.170,14.809,1.382,True,0:353.1;1:340.0;2:341.7;3:334.4,3,334.389,7.909,321.044,22,2.0,2.2
paper_negative_v2_resac_Hopper_dw60_s0,paper_negative_v2,resac,Hopper-v2,0,60,300,1499,True,702.366,47.271,796.846,6.880,16.511,0.717,True,0:711.7;1:711.7;3:694.7,3,694.735,11.304,638.769,28,2.0,2.2
paper_negative_v2_resac_Hopper_dw60_s1,paper_negative_v2,resac,Hopper-v2,1,60,300,1499,True,787.783,133.571,1153.911,7.388,17.732,0.745,True,0:661.4;1:809.8;2:857.6;3:713.7,0,661.431,99.214,630.483,26,2.0,5.3
paper_negative_v2_resac_Hopper_dw60_s2,paper_negative_v2,resac,Hopper-v2,2,60,300,1499,True,766.158,95.204,1007.911,6.850,16.441,0.731,True,0:767.4;1:810.7;2:663.3;3:808.4,2,663.307,99.139,633.176,22,2.0,3.1
paper_negative_v2_resac_Walker2d_dw60_s0,paper_negative_v2,resac,Walker2d-v2,0,60,300,1499,True,381.868,70.296,515.945,6.776,16.262,0.792,True,0:426.3;1:321.7;3:378.8,1,321.667,53.926,286.308,28,2.0,2.2
paper_negative_v2_resac_Walker2d_dw60_s1,paper_negative_v2,resac,Walker2d-v2,1,60,300,1499,True,862.963,390.289,5975.900,6.699,16.078,0.767,True,0:805.8;1:1044.9;2:794.7;3:811.0,2,794.653,69.444,698.272,26,2.0,9.5
paper_negative_v2_resac_Walker2d_dw60_s2,paper_negative_v2,resac,Walker2d-v2,2,60,300,1499,True,512.837,29.301,5473.870,6.734,16.161,0.779,True,0:488.0;1:516.5;2:518.6;3:510.0,0,487.996,20.284,478.601,22,3.0,16.8
paper_negative_v2_sac_Hopper_dw60_s0,paper_negative_v2,sac,Hopper-v2,0,60,300,1499,True,423.490,13.711,488.597,6.441,15.457,1.158,True,0:405.9;1:440.3;3:427.0,0,405.860,18.503,404.741,28,2.0,2.2
paper_negative_v2_sac_Hopper_dw60_s1,paper_negative_v2,sac,Hopper-v2,1,60,300,1499,True,437.979,19.281,470.701,6.473,15.535,1.161,True,0:449.7;1:431.5;2:436.8;3:441.9,1,431.549,8.431,418.254,26,2.0,2.0
paper_negative_v2_sac_Hopper_dw60_s2,paper_negative_v2,sac,Hopper-v2,2,60,300,1499,True,434.677,39.162,481.880,5.819,13.967,1.011,True,0:447.5;1:423.5;2:444.5;3:434.5,1,423.523,13.999,405.954,22,2.0,2.2
paper_negative_v2_sac_Walker2d_dw60_s0,paper_negative_v2,sac,Walker2d-v2,0,60,300,1499,True,297.221,6.508,384.992,9.261,22.227,1.723,True,0:305.5;1:289.0;3:295.7,1,289.032,7.707,289.003,28,2.0,2.2
paper_negative_v2_sac_Walker2d_dw60_s1,paper_negative_v2,sac,Walker2d-v2,1,60,300,1499,True,275.240,6.126,423.172,7.218,17.324,1.291,True,0:276.4;1:274.0;2:279.8;3:270.2,3,270.241,4.876,267.599,26,2.0,2.0
paper_negative_v2_sac_Walker2d_dw60_s2,paper_negative_v2,sac,Walker2d-v2,2,60,300,1499,True,280.445,10.550,345.704,6.742,16.180,0.761,True,0:277.2;1:281.3;2:284.5;3:276.9,3,276.866,3.113,268.040,22,2.0,2.2
paper_oracle_v2_bapr_Ant_dw60_s0,paper_oracle_v2,bapr,Ant-v2,0,60,300,1499,True,17230.977,6261.397,21977.306,13.231,31.755,2.917,True,0:16780.7;1:19485.7;3:16738.7,3,16738.684,929.690,8294.914,28,3.0,15.5
paper_oracle_v2_bapr_Ant_dw60_s1,paper_oracle_v2,bapr,Ant-v2,1,60,300,1499,True,21858.507,411.840,22583.433,9.843,23.623,1.452,True,0:21440.5;1:21911.8;2:21979.7;3:21767.1,0,21440.494,334.279,21308.370,26,2.0,2.0
paper_oracle_v2_bapr_Ant_dw60_s2,paper_oracle_v2,bapr,Ant-v2,2,60,300,1499,True,18484.151,1044.222,21227.527,9.844,23.625,1.465,True,0:18553.7;1:17901.6;2:19239.4;3:18411.7,1,17901.567,625.013,17224.141,22,2.0,6.3
paper_oracle_v2_bapr_HalfCheetah_dw60_s0,paper_oracle_v2,bapr,HalfCheetah-v2,0,60,300,1499,True,13858.308,227.585,14313.611,19.391,46.539,2.073,True,0:13945.1;1:13770.3;3:13842.9,1,13770.331,82.448,13542.788,27,2.0,2.2
paper_oracle_v2_bapr_HalfCheetah_dw60_s1,paper_oracle_v2,bapr,HalfCheetah-v2,1,60,300,1499,True,12088.863,328.916,12866.588,19.268,46.243,2.049,True,0:12482.8;1:11929.9;2:12079.7;3:12146.8,1,11929.934,229.863,11688.804,20,2.0,2.1
paper_oracle_v2_bapr_HalfCheetah_dw60_s2,paper_oracle_v2,bapr,HalfCheetah-v2,2,60,300,1499,True,8759.406,166.152,9913.688,18.063,43.352,1.880,True,0:8804.0;1:8765.6;2:8813.3;3:8697.3,3,8697.301,72.758,8535.905,21,2.0,2.2
paper_sac_Ant_dw60_s0,paper,sac,Ant-v2,0,60,300,1499,True,19988.845,706.671,21760.626,4.433,10.640,0.270,True,0:20250.4;1:19846.9;3:19903.3,1,19846.860,153.305,19118.356,28,2.0,2.2
paper_sac_Ant_dw60_s1,paper,sac,Ant-v2,1,60,300,1499,True,18193.119,2985.535,20951.484,6.469,15.525,0.556,True,0:19130.1;1:18819.3;2:17429.2;3:18391.9,2,17429.247,1013.388,16042.298,26,2.0,2.0
paper_sac_Ant_dw60_s2,paper,sac,Ant-v2,2,60,21,100,False,4105.159,427.882,4971.634,0.769,27.416,1.334,True,0:3921.0;2:4243.3,0,3920.963,161.172,3544.246,1,2.0,2.0
paper_sac_HalfCheetah_dw60_s0,paper,sac,HalfCheetah-v2,0,60,300,1499,True,13626.696,604.125,15120.353,7.518,18.042,0.152,True,0:13250.2;1:14297.2;3:13601.6,0,13250.236,466.094,12828.023,27,2.0,2.2
paper_sac_HalfCheetah_dw60_s1,paper,sac,HalfCheetah-v2,1,60,300,1499,True,14803.981,389.834,15695.880,14.666,35.199,0.684,True,0:14951.7;1:14871.8;2:14862.8;3:14637.0,3,14637.005,193.819,14319.177,26,2.0,2.0
paper_sac_HalfCheetah_dw60_s2,paper,sac,HalfCheetah-v2,2,60,300,1499,True,22733.053,555.510,24591.801,,,,False,,,,,22045.580,0,,
paper_sac_Hopper_dw60_s0,paper,sac,Hopper-v2,0,60,300,1499,True,581.456,11.239,604.038,2.189,5.253,0.139,True,0:571.9;1:590.5;3:583.3,0,571.927,9.999,568.522,28,2.0,2.2
paper_sac_Hopper_dw60_s1,paper,sac,Hopper-v2,1,60,300,1499,True,396.720,58.972,543.075,5.116,12.277,0.802,True,0:411.0;1:361.2;2:401.8;3:416.3,1,361.203,36.395,352.504,26,2.0,2.2
paper_sac_Hopper_dw60_s2,paper,sac,Hopper-v2,2,60,300,1499,True,376.478,9.142,486.570,8.497,20.392,1.633,True,0:373.2;1:373.5;2:381.0;3:376.5,0,373.154,2.858,363.941,22,1.0,1.7
paper_sac_Walker2d_dw60_s0,paper,sac,Walker2d-v2,0,60,300,1499,True,295.562,9.618,471.853,9.123,21.896,1.785,True,0:295.0;1:288.4;3:298.1,1,288.372,5.462,282.600,28,2.0,2.2
paper_sac_Walker2d_dw60_s1,paper,sac,Walker2d-v2,1,60,300,1499,True,298.309,2.239,349.958,9.124,21.898,1.790,True,0:300.0;1:297.6;2:298.1;3:298.8,1,297.575,1.033,295.404,26,2.0,2.0
paper_sac_Walker2d_dw60_s2,paper,sac,Walker2d-v2,2,60,300,1499,True,321.287,6.371,413.200,,,,False,,,,,312.290,0,,
paper_sens_v2_ep1_bapr_Ant_dw60_s0,paper_sens_v2_ep1,bapr,Ant-v2,0,60,300,1499,True,22908.042,4557.423,24843.633,8.879,21.308,1.752,True,0:21530.9;1:24111.8;3:23213.6,0,21530.911,1421.186,19248.896,28,2.5,2.7
paper_sens_v2_ep1_bapr_HalfCheetah_dw60_s0,paper_sens_v2_ep1,bapr,HalfCheetah-v2,0,60,300,1499,True,14918.843,498.412,15733.521,30.344,72.826,3.581,True,0:14296.5;1:15495.1;3:15046.7,0,14296.459,649.624,14238.229,27,2.0,2.1
paper_sens_v2_ep2_bapr_Ant_dw60_s0,paper_sens_v2_ep2,bapr,Ant-v2,0,60,300,1499,True,21458.300,3792.090,24506.863,8.950,21.479,1.197,True,0:20148.5;1:22537.8;3:21769.7,0,20148.492,1336.837,17802.606,28,2.5,4.9
paper_sens_v2_ep2_bapr_HalfCheetah_dw60_s0,paper_sens_v2_ep2,bapr,HalfCheetah-v2,0,60,300,1499,True,9028.297,2358.828,10473.051,19.970,47.929,1.455,True,0:9798.6;1:7872.3;3:9010.9,1,7872.300,1021.662,6738.314,27,2.0,3.5
paper_sens_v2_ep4_bapr_Ant_dw60_s0,paper_sens_v2_ep4,bapr,Ant-v2,0,60,300,1499,True,16387.991,7222.627,22547.808,12.653,30.368,2.784,True,0:20544.0;1:10727.9;3:16110.9,1,10727.899,5066.382,4560.019,28,3.0,7.5
paper_sens_v2_ep4_bapr_HalfCheetah_dw60_s0,paper_sens_v2_ep4,bapr,HalfCheetah-v2,0,60,300,1499,True,6945.690,3363.801,10482.722,17.554,42.131,1.496,True,0:6566.6;1:6902.4;3:7149.0,0,6566.644,306.043,1532.002,27,3.0,9.8
paper_sens_v2_ep8_bapr_Ant_dw60_s0,paper_sens_v2_ep8,bapr,Ant-v2,0,60,300,1499,True,24586.078,655.340,27161.438,11.922,28.613,1.606,True,0:24300.6;1:24395.1;3:24789.6,0,24300.591,194.501,23752.353,28,2.0,2.2
paper_sens_v2_ep8_bapr_HalfCheetah_dw60_s0,paper_sens_v2_ep8,bapr,HalfCheetah-v2,0,60,300,1499,True,10925.803,616.366,12133.197,18.813,45.150,1.359,True,0:11151.5;1:10366.5;3:10990.9,1,10366.470,469.831,10179.551,27,2.0,2.2
paper_sens_v2_h10_bapr_Ant_dw60_s0,paper_sens_v2_h10,bapr,Ant-v2,0,60,300,1499,True,18330.744,3391.699,21141.150,10.110,24.264,2.209,True,0:18648.3;1:20260.4;3:17558.0,3,17557.999,1264.222,14403.736,28,3.0,3.9
paper_sens_v2_h10_bapr_HalfCheetah_dw60_s0,paper_sens_v2_h10,bapr,HalfCheetah-v2,0,60,300,1499,True,8663.509,377.799,9426.544,16.540,39.695,1.733,True,0:8255.2;1:8916.3;3:8787.2,0,8255.212,397.692,8146.708,27,2.0,2.2
paper_sens_v2_h20_bapr_Ant_dw60_s0,paper_sens_v2_h20,bapr,Ant-v2,0,60,300,1499,True,19147.407,5693.144,23796.025,10.689,25.654,1.431,True,0:18287.5;1:21747.2;3:18750.1,0,18287.500,1307.455,11289.001,28,2.5,3.0
paper_sens_v2_h20_bapr_HalfCheetah_dw60_s0,paper_sens_v2_h20,bapr,HalfCheetah-v2,0,60,300,1499,True,12145.473,911.113,13374.218,17.609,42.261,1.490,True,0:11937.0;1:12394.8;3:12170.4,0,11937.015,230.388,11219.760,27,2.0,2.2
paper_sens_v2_h40_bapr_Ant_dw60_s0,paper_sens_v2_h40,bapr,Ant-v2,0,60,300,1499,True,15105.808,6838.165,21882.521,9.042,21.701,1.210,True,0:12359.1;1:17214.9;3:15808.1,0,12359.060,2768.301,3965.839,28,2.5,2.4
paper_sens_v2_h40_bapr_HalfCheetah_dw60_s0,paper_sens_v2_h40,bapr,HalfCheetah-v2,0,60,300,1499,True,10329.057,2096.273,12479.206,24.603,59.046,2.747,True,0:11052.3;1:9805.8;3:10133.9,1,9805.798,524.875,7896.481,27,2.0,2.9
paper_sens_v2_haz002_bapr_HalfCheetah_dw60_s0,paper_sens_v2_haz002,bapr,HalfCheetah-v2,0,60,300,1499,True,11838.101,928.139,13458.504,17.551,42.123,1.853,True,0:11526.5;1:12559.4;3:11764.4,0,11526.535,423.563,10612.997,28,2.0,5.5
paper_sens_v2_haz005_bapr_HalfCheetah_dw60_s0,paper_sens_v2_haz005,bapr,HalfCheetah-v2,0,60,300,1499,True,11851.957,227.587,12377.060,20.682,49.636,2.138,True,0:11773.6;1:11993.0;3:11846.2,0,11773.628,97.332,11554.156,27,2.0,2.2
paper_sens_v2_haz010_bapr_Ant_dw60_s0,paper_sens_v2_haz010,bapr,Ant-v2,0,60,181,900,False,20831.761,1893.115,22892.482,7.447,29.753,1.635,True,0:20086.3;2:21376.5;3:20420.9,0,20086.287,541.597,19053.651,12,3.0,8.1
paper_sens_v2_haz010_bapr_HalfCheetah_dw60_s0,paper_sens_v2_haz010,bapr,HalfCheetah-v2,0,60,300,1499,True,9223.239,334.998,9931.123,20.758,49.819,2.122,True,0:9141.5;1:9165.9;3:9282.3,0,9141.529,55.057,8788.085,27,2.0,2.2
paper_sens_v2_rhaz0005_bapr_Ant_dw60_s0,paper_sens_v2_rhaz0005,bapr,Ant-v2,0,60,300,1499,True,19211.386,6221.164,23265.607,12.113,29.070,2.607,True,0:19463.4;1:21506.8;3:18355.0,3,18355.022,1420.048,10170.282,28,3.0,6.9
paper_sens_v2_rhaz0005_bapr_HalfCheetah_dw60_s0,paper_sens_v2_rhaz0005,bapr,HalfCheetah-v2,0,60,300,1499,True,7253.625,3297.348,12221.195,20.060,48.144,1.474,True,0:6255.3;1:6473.2;3:8001.1,0,6255.297,654.579,2058.349,27,3.0,12.4
paper_sens_v2_rhaz001_bapr_Ant_dw60_s0,paper_sens_v2_rhaz001,bapr,Ant-v2,0,60,300,1499,True,21473.661,3424.191,23499.724,9.354,22.449,1.880,True,0:19726.8;1:22502.0;3:22019.9,0,19726.849,1689.399,18819.660,28,2.5,3.0
paper_sens_v2_rhaz001_bapr_HalfCheetah_dw60_s0,paper_sens_v2_rhaz001,bapr,HalfCheetah-v2,0,60,300,1499,True,10959.239,341.510,11611.904,19.415,46.595,1.405,True,0:11104.9;1:11090.5;3:10844.7,3,10844.667,168.667,10507.757,27,2.0,2.2
paper_sens_v2_rhaz003_bapr_Ant_dw60_s0,paper_sens_v2_rhaz003,bapr,Ant-v2,0,60,300,1499,True,17191.913,5002.552,20532.903,11.595,27.828,2.039,True,0:15004.1;1:19154.9;3:17661.2,0,15004.079,2269.327,10449.625,28,3.0,4.6
paper_sens_v2_rhaz003_bapr_HalfCheetah_dw60_s0,paper_sens_v2_rhaz003,bapr,HalfCheetah-v2,0,60,300,1499,True,10864.536,278.394,11955.062,17.114,41.075,1.774,True,0:10766.1;1:10688.6;3:10969.7,1,10688.558,119.580,10495.177,27,2.0,2.2
paper_sens_v2_sw_balanced_bapr_Ant_dw60_s0,paper_sens_v2_sw_balanced,bapr,Ant-v2,0,60,300,1499,True,23319.677,4158.457,27835.812,10.541,25.298,1.406,True,0:23666.0;1:24425.3;3:22794.7,3,22794.737,833.931,18403.350,28,2.0,2.2
paper_sens_v2_sw_balanced_bapr_HalfCheetah_dw60_s0,paper_sens_v2_sw_balanced,bapr,HalfCheetah-v2,0,60,300,1499,True,8046.027,1580.814,8943.075,26.050,62.519,3.032,True,0:7153.1;1:8551.0;3:8331.8,0,7153.066,858.898,6659.857,27,2.0,2.1
paper_sens_v2_sw_qheavy_bapr_Ant_dw60_s0,paper_sens_v2_sw_qheavy,bapr,Ant-v2,0,60,300,1499,True,19467.434,4943.969,22270.451,10.684,25.641,1.423,True,0:17544.6;1:21046.2;3:19926.5,0,17544.623,1961.152,14461.374,28,3.0,6.2
paper_sens_v2_sw_qheavy_bapr_HalfCheetah_dw60_s0,paper_sens_v2_sw_qheavy,bapr,HalfCheetah-v2,0,60,300,1499,True,11810.809,1889.865,14568.358,30.450,73.081,3.667,True,0:11933.0;1:12117.7;3:11652.1,3,11652.101,248.805,10396.646,27,2.0,2.1
paper_sens_v2_sw_reward_bapr_Ant_dw60_s0,paper_sens_v2_sw_reward,bapr,Ant-v2,0,60,300,1499,True,20308.998,5116.540,22729.190,8.597,20.632,1.703,True,0:19236.0;1:22199.2;3:20244.1,0,19235.995,1323.750,15070.460,28,3.0,9.5
paper_sens_v2_sw_reward_bapr_HalfCheetah_dw60_s0,paper_sens_v2_sw_reward,bapr,HalfCheetah-v2,0,60,300,1499,True,9967.478,443.827,11158.271,17.980,43.152,1.337,True,0:10128.0;1:9500.7;3:10035.7,1,9500.720,387.428,9371.162,27,2.0,2.2
